{
  "label": "smoke",
  "n_submitted": 4,
  "n_ok": 4,
  "n_err": 0,
  "wall_s": 0.942,
  "total_gen_tokens": 64,
  "agg_tok_per_s": 67.93,
  "ttft_ms": {
    "p50": 90.8318180590868,
    "p90": 90.89309396222234,
    "p95": 90.89309396222234,
    "p99": 90.89309396222234,
    "min": 46.7975870706141,
    "max": 90.89309396222234,
    "count": 4
  },
  "total_ms": {
    "p50": 470.69135401397943,
    "p90": 470.721049932763,
    "p99": 470.721049932763,
    "min": 470.54838901385665,
    "max": 470.721049932763
  },
  "per_req_decode_tok_per_s": {
    "p50": 42.1175402131968,
    "p90": 42.143492290352356,
    "p99": 42.143492290352356,
    "mean": 39.97776072559449,
    "count": 4
  },
  "inter_token_ms": {
    "p50": 25.027741910889745,
    "p90": 26.55297494493425,
    "p99": 66.89969613216817,
    "mean": 26.713534087563556,
    "count": 60
  },
  "errors": []
}