{
  "label": "M4",
  "n_submitted": 40,
  "n_ok": 40,
  "n_err": 0,
  "wall_s": 53.731,
  "total_gen_tokens": 5120,
  "agg_tok_per_s": 95.29,
  "ttft_ms": {
    "p50": 133.38597700931132,
    "p90": 178.4909178968519,
    "p95": 179.4181049335748,
    "p99": 187.6777841243893,
    "min": 47.31268109753728,
    "max": 187.6777841243893,
    "count": 40
  },
  "total_ms": {
    "p50": 5370.637977961451,
    "p90": 5406.473800074309,
    "p99": 5521.707453997806,
    "min": 5304.331731982529,
    "max": 5521.707453997806
  },
  "per_req_decode_tok_per_s": {
    "p50": 24.373320063094475,
    "p90": 24.753501681377003,
    "p99": 24.9610133248966,
    "mean": 24.349197253489614,
    "count": 40
  },
  "inter_token_ms": {
    "p50": 41.25322890467942,
    "p90": 42.39371791481972,
    "p99": 46.99456412345171,
    "mean": 41.37439813683044,
    "count": 5080
  },
  "errors": []
}