{
  "label": "M2",
  "n_submitted": 40,
  "n_ok": 40,
  "n_err": 0,
  "wall_s": 68.992,
  "total_gen_tokens": 5120,
  "agg_tok_per_s": 74.21,
  "ttft_ms": {
    "p50": 3513.7152490206063,
    "p90": 3556.8105918355286,
    "p95": 3559.960675891489,
    "p99": 3571.526536019519,
    "min": 53.35833108983934,
    "max": 3571.526536019519,
    "count": 40
  },
  "total_ms": {
    "p50": 6905.483418144286,
    "p90": 6939.970067003742,
    "p99": 6951.175450813025,
    "min": 3475.6734201218933,
    "max": 6951.175450813025
  },
  "per_req_decode_tok_per_s": {
    "p50": 37.80872510759723,
    "p90": 38.26422962883606,
    "p99": 38.848004139582585,
    "mean": 37.82493377656777,
    "count": 40
  },
  "inter_token_ms": {
    "p50": 26.582841062918305,
    "p90": 27.145166881382465,
    "p99": 27.90785813704133,
    "mean": 26.64027689973545,
    "count": 5080
  },
  "errors": []
}