{
  "label": "M1",
  "n_submitted": 40,
  "n_ok": 40,
  "n_err": 0,
  "wall_s": 54.23,
  "total_gen_tokens": 5120,
  "agg_tok_per_s": 94.41,
  "ttft_ms": {
    "p50": 4110.783773008734,
    "p90": 4168.555736076087,
    "p95": 4228.8221209309995,
    "p99": 4302.352251950651,
    "min": 61.340849846601486,
    "max": 4302.352251950651,
    "count": 40
  },
  "total_ms": {
    "p50": 5396.448845975101,
    "p90": 5482.268441002816,
    "p99": 5605.248975101858,
    "min": 1373.8772510550916,
    "max": 5605.248975101858
  },
  "per_req_decode_tok_per_s": {
    "p50": 98.68825817715869,
    "p90": 100.9260435377904,
    "p99": 103.83704303101308,
    "mean": 98.99688895837288,
    "count": 40
  },
  "inter_token_ms": {
    "p50": 10.170320980250835,
    "p90": 10.387090966105461,
    "p99": 11.09398901462555,
    "mean": 10.179703328923477,
    "count": 5080
  },
  "errors": []
}