cell_tag,git_sha,multislot,ncmoe,prefill_chunk,n_reqs,conc,max_tokens,prompt_set_path,wall_s,total_gen_tokens,agg_tok_per_s,per_req_decode_p50,per_req_decode_p99,ttft_ms_p50,ttft_ms_p99,inter_tok_ms_p50,inter_tok_ms_p99,vram_used_mib_p50,vram_used_mib_p95,gpu_sm_p50,gpu_mem_p50,gpu_pwr_p50_w,n_ok,n_err,errors_head
M1-N0-P128,4b1f5ea,1,0,128,12,1,128,/home/remondiere/github-repos/chimere/chimere-server/benchmarks/sweep/prompts.yaml,18.084,1536,84.94,98.99620524502183,102.49143030636449,229.25841202959418,425.1340269111097,10.186149971559644,10.4261739179492,13695,13695,89.0,64.0,127.0,12,0,
M1-N0-P256,4b1f5ea,1,0,256,12,1,128,/home/remondiere/github-repos/chimere/chimere-server/benchmarks/sweep/prompts.yaml,18.383,1536,83.56,98.7643634459928,102.68495419434298,230.07851792499423,456.1712769791484,10.197526076808572,11.041707126423717,13695,13695,89.0,65.0,127.0,12,0,
M1-N0-P512,4b1f5ea,1,0,512,12,1,128,/home/remondiere/github-repos/chimere/chimere-server/benchmarks/sweep/prompts.yaml,18.659,1536,82.32,98.19508128415433,103.12576231546424,230.97413685172796,608.1944550387561,10.23990591056645,11.292957002297044,13828,13828,89.0,64.0,127.0,12,0,
M4-N0-P128,4b1f5ea,4,0,128,12,4,128,/home/remondiere/github-repos/chimere/chimere-server/benchmarks/sweep/prompts.yaml,28.788,1536,53.36,18.155142423235603,23.0546230437024,1042.9531920235604,2316.631322959438,42.060154024511576,447.99548597075045,13791,13791,63.0,26.0,90.0,12,0,
M4-N0-P256,4b1f5ea,4,0,256,12,4,128,/home/remondiere/github-repos/chimere/chimere-server/benchmarks/sweep/prompts.yaml,19.71,1536,77.93,22.298010395580736,24.286357836284086,818.2994809467345,1467.8265829570591,41.6315458714962,74.78544302284718,13926,13926,79.0,33.0,103.0,12,0,
M4-N0-P512,4b1f5ea,4,0,512,12,4,128,/home/remondiere/github-repos/chimere/chimere-server/benchmarks/sweep/prompts.yaml,18.397,1536,83.49,22.553903053033565,24.387876995441783,422.1050110645592,851.8220249097794,41.77402099594474,43.95512095652521,13821,13821,80.0,33.0,103.0,12,0,
